{
	"0.0": 0.5,
	"0.01": 0.50399,
	"-0.01": 0.49600999999999995,
	"0.02": 0.50798,
	"-0.02": 0.49202,
	"0.03": 0.51197,
	"-0.03": 0.48802999999999996,
	"0.04": 0.51595,
	"-0.04": 0.48405,
	"0.05": 0.51994,
	"-0.05": 0.48006000000000004,
	"0.06": 0.52392,
	"-0.06": 0.47607999999999995,
	"0.07": 0.5279,
	"-0.07": 0.47209999999999996,
	"0.08": 0.53188,
	"-0.08": 0.46812,
	"0.09": 0.53586,
	"-0.09": 0.46414,
	"0.1": 0.53983,
	"-0.1": 0.46016999999999997,
	"0.11": 0.5438,
	"-0.11": 0.45620000000000005,
	"0.12": 0.54776,
	"-0.12": 0.45224,
	"0.13": 0.55172,
	"-0.13": 0.44828,
	"0.14": 0.55567,
	"-0.14": 0.44433,
	"0.15": 0.55966,
	"-0.15": 0.44033999999999995,
	"0.16": 0.5636,
	"-0.16": 0.4364,
	"0.17": 0.56749,
	"-0.17": 0.43250999999999995,
	"0.18": 0.57142,
	"-0.18": 0.42857999999999996,
	"0.19": 0.57535,
	"-0.19": 0.42464999999999997,
	"0.2": 0.57926,
	"-0.2": 0.42074,
	"0.21": 0.58317,
	"-0.21": 0.41683000000000003,
	"0.22": 0.58706,
	"-0.22": 0.41294,
	"0.23": 0.59095,
	"-0.23": 0.40905,
	"0.24": 0.59483,
	"-0.24": 0.40517000000000003,
	"0.25": 0.59871,
	"-0.25": 0.40129000000000004,
	"0.26": 0.60257,
	"-0.26": 0.39742999999999995,
	"0.27": 0.60642,
	"-0.27": 0.39358000000000004,
	"0.28": 0.61026,
	"-0.28": 0.38974,
	"0.29": 0.61409,
	"-0.29": 0.38591,
	"0.3": 0.61791,
	"-0.3": 0.38209000000000004,
	"0.31": 0.62172,
	"-0.31": 0.37827999999999995,
	"0.32": 0.62552,
	"-0.32": 0.37448000000000004,
	"0.33": 0.6293,
	"-0.33": 0.37070000000000003,
	"0.34": 0.63307,
	"-0.34": 0.36693,
	"0.35": 0.63683,
	"-0.35": 0.36317,
	"0.36": 0.64058,
	"-0.36": 0.35941999999999996,
	"0.37": 0.64431,
	"-0.37": 0.35568999999999995,
	"0.38": 0.64803,
	"-0.38": 0.35197,
	"0.39": 0.65173,
	"-0.39": 0.34826999999999997,
	"0.4": 0.65542,
	"-0.4": 0.34458,
	"0.41": 0.6591,
	"-0.41": 0.3409,
	"0.42": 0.66276,
	"-0.42": 0.33724,
	"0.43": 0.6664,
	"-0.43": 0.3336,
	"0.44": 0.67003,
	"-0.44": 0.32997,
	"0.45": 0.67364,
	"-0.45": 0.32636,
	"0.46": 0.67724,
	"-0.46": 0.32276000000000005,
	"0.47": 0.68082,
	"-0.47": 0.31918,
	"0.48": 0.68439,
	"-0.48": 0.31560999999999995,
	"0.49": 0.68793,
	"-0.49": 0.31206999999999996,
	"0.5": 0.69146,
	"-0.5": 0.30854000000000004,
	"0.51": 0.69497,
	"-0.51": 0.30503,
	"0.52": 0.69847,
	"-0.52": 0.30152999999999996,
	"0.53": 0.70194,
	"-0.53": 0.29806,
	"0.54": 0.7054,
	"-0.54": 0.2946,
	"0.55": 0.70884,
	"-0.55": 0.29116,
	"0.56": 0.71226,
	"-0.56": 0.28774,
	"0.57": 0.71566,
	"-0.57": 0.28434000000000004,
	"0.58": 0.71904,
	"-0.58": 0.28096,
	"0.59": 0.7224,
	"-0.59": 0.27759999999999996,
	"0.6": 0.72575,
	"-0.6": 0.27425,
	"0.61": 0.72907,
	"-0.61": 0.27093,
	"0.62": 0.73237,
	"-0.62": 0.26763000000000003,
	"0.63": 0.73565,
	"-0.63": 0.26435,
	"0.64": 0.73891,
	"-0.64": 0.26109000000000004,
	"0.65": 0.74215,
	"-0.65": 0.25785,
	"0.66": 0.74537,
	"-0.66": 0.25463,
	"0.67": 0.74857,
	"-0.67": 0.25143000000000004,
	"0.68": 0.75175,
	"-0.68": 0.24824999999999997,
	"0.69": 0.7549,
	"-0.69": 0.24509999999999998,
	"0.7": 0.75804,
	"-0.7": 0.24195999999999995,
	"0.71": 0.76115,
	"-0.71": 0.23885,
	"0.72": 0.76424,
	"-0.72": 0.23575999999999997,
	"0.73": 0.7673,
	"-0.73": 0.23270000000000002,
	"0.74": 0.77035,
	"-0.74": 0.22965000000000002,
	"0.75": 0.77337,
	"-0.75": 0.22663,
	"0.76": 0.77637,
	"-0.76": 0.22363,
	"0.77": 0.77935,
	"-0.77": 0.22065,
	"0.78": 0.7823,
	"-0.78": 0.2177,
	"0.79": 0.78524,
	"-0.79": 0.21475999999999995,
	"0.8": 0.78814,
	"-0.8": 0.21186000000000005,
	"0.81": 0.79103,
	"-0.81": 0.20897,
	"0.82": 0.79389,
	"-0.82": 0.20611000000000002,
	"0.83": 0.79673,
	"-0.83": 0.20326999999999995,
	"0.84": 0.79955,
	"-0.84": 0.20045000000000002,
	"0.85": 0.80234,
	"-0.85": 0.19765999999999995,
	"0.86": 0.80511,
	"-0.86": 0.19489,
	"0.87": 0.80785,
	"-0.87": 0.19215000000000004,
	"0.88": 0.81057,
	"-0.88": 0.18943,
	"0.89": 0.81327,
	"-0.89": 0.18672999999999995,
	"0.9": 0.81594,
	"-0.9": 0.18406,
	"0.91": 0.81859,
	"-0.91": 0.18140999999999996,
	"0.92": 0.82121,
	"-0.92": 0.17879,
	"0.93": 0.82381,
	"-0.93": 0.17618999999999996,
	"0.94": 0.82639,
	"-0.94": 0.17361000000000004,
	"0.95": 0.82894,
	"-0.95": 0.17106,
	"0.96": 0.83147,
	"-0.96": 0.16852999999999996,
	"0.97": 0.83398,
	"-0.97": 0.16601999999999995,
	"0.98": 0.83646,
	"-0.98": 0.16354000000000002,
	"0.99": 0.83891,
	"-0.99": 0.16108999999999996,
	"1.0": 0.84134,
	"-1.0": 0.15866000000000002,
	"1.01": 0.84375,
	"-1.01": 0.15625,
	"1.02": 0.84614,
	"-1.02": 0.15386,
	"1.03": 0.84849,
	"-1.03": 0.15151000000000003,
	"1.04": 0.85083,
	"-1.04": 0.14917000000000002,
	"1.05": 0.85314,
	"-1.05": 0.14686,
	"1.06": 0.85543,
	"-1.06": 0.14456999999999998,
	"1.07": 0.85769,
	"-1.07": 0.14231000000000005,
	"1.08": 0.85993,
	"-1.08": 0.14007000000000003,
	"1.09": 0.86214,
	"-1.09": 0.13785999999999998,
	"1.1": 0.86433,
	"-1.1": 0.13566999999999996,
	"1.11": 0.8665,
	"-1.11": 0.13349999999999995,
	"1.12": 0.86864,
	"-1.12": 0.13136000000000003,
	"1.13": 0.87076,
	"-1.13": 0.12924000000000002,
	"1.14": 0.87286,
	"-1.14": 0.12714000000000003,
	"1.15": 0.87493,
	"-1.15": 0.12507000000000001,
	"1.16": 0.87698,
	"-1.16": 0.12302000000000002,
	"1.17": 0.879,
	"-1.17": 0.121,
	"1.18": 0.881,
	"-1.18": 0.119,
	"1.19": 0.88298,
	"-1.19": 0.11702000000000001,
	"1.2": 0.88493,
	"-1.2": 0.11507,
	"1.21": 0.88686,
	"-1.21": 0.11314000000000002,
	"1.22": 0.88877,
	"-1.22": 0.11123000000000005,
	"1.23": 0.89065,
	"-1.23": 0.10934999999999995,
	"1.24": 0.89251,
	"-1.24": 0.10748999999999997,
	"1.25": 0.89435,
	"-1.25": 0.10565000000000002,
	"1.26": 0.89617,
	"-1.26": 0.10382999999999998,
	"1.27": 0.89796,
	"-1.27": 0.10204000000000002,
	"1.28": 0.89973,
	"-1.28": 0.10026999999999997,
	"1.29": 0.90147,
	"-1.29": 0.09853,
	"1.3": 0.9032,
	"-1.3": 0.0968,
	"1.31": 0.9049,
	"-1.31": 0.09509999999999996,
	"1.32": 0.90658,
	"-1.32": 0.09341999999999995,
	"1.33": 0.90824,
	"-1.33": 0.09175999999999995,
	"1.34": 0.90988,
	"-1.34": 0.09011999999999998,
	"1.35": 0.91149,
	"-1.35": 0.08850999999999998,
	"1.36": 0.91308,
	"-1.36": 0.08692,
	"1.37": 0.91466,
	"-1.37": 0.08533999999999997,
	"1.38": 0.91621,
	"-1.38": 0.08379000000000003,
	"1.39": 0.91774,
	"-1.39": 0.08226,
	"1.4": 0.91924,
	"-1.4": 0.08076000000000005,
	"1.41": 0.92073,
	"-1.41": 0.07926999999999995,
	"1.42": 0.9222,
	"-1.42": 0.07779999999999998,
	"1.43": 0.92364,
	"-1.43": 0.07635999999999998,
	"1.44": 0.92507,
	"-1.44": 0.07493000000000005,
	"1.45": 0.92647,
	"-1.45": 0.07352999999999998,
	"1.46": 0.92785,
	"-1.46": 0.07215000000000005,
	"1.47": 0.92922,
	"-1.47": 0.07077999999999995,
	"1.48": 0.93056,
	"-1.48": 0.06943999999999995,
	"1.49": 0.93189,
	"-1.49": 0.06811,
	"1.5": 0.93319,
	"-1.5": 0.06681000000000004,
	"1.51": 0.93448,
	"-1.51": 0.06552000000000002,
	"1.52": 0.93574,
	"-1.52": 0.06425999999999998,
	"1.53": 0.93699,
	"-1.53": 0.06301000000000001,
	"1.54": 0.93822,
	"-1.54": 0.061779999999999946,
	"1.55": 0.93943,
	"-1.55": 0.06057000000000001,
	"1.56": 0.94062,
	"-1.56": 0.05937999999999999,
	"1.57": 0.94179,
	"-1.57": 0.058209999999999984,
	"1.58": 0.94295,
	"-1.58": 0.057050000000000045,
	"1.59": 0.94408,
	"-1.59": 0.05591999999999997,
	"1.6": 0.9452,
	"-1.6": 0.05479999999999996,
	"1.61": 0.9463,
	"-1.61": 0.05369999999999997,
	"1.62": 0.94738,
	"-1.62": 0.05262,
	"1.63": 0.94845,
	"-1.63": 0.051549999999999985,
	"1.64": 0.9495,
	"-1.64": 0.05049999999999999,
	"1.65": 0.95053,
	"-1.65": 0.049470000000000014,
	"1.66": 0.95154,
	"-1.66": 0.04845999999999995,
	"1.67": 0.95254,
	"-1.67": 0.04745999999999995,
	"1.68": 0.95352,
	"-1.68": 0.046479999999999966,
	"1.69": 0.95449,
	"-1.69": 0.04551000000000005,
	"1.7": 0.95543,
	"-1.7": 0.04457,
	"1.71": 0.95637,
	"-1.71": 0.04362999999999995,
	"1.72": 0.95728,
	"-1.72": 0.04271999999999998,
	"1.73": 0.95818,
	"-1.73": 0.04181999999999997,
	"1.74": 0.95907,
	"-1.74": 0.04093000000000002,
	"1.75": 0.95994,
	"-1.75": 0.040059999999999985,
	"1.76": 0.9608,
	"-1.76": 0.03920000000000001,
	"1.77": 0.96164,
	"-1.77": 0.03835999999999995,
	"1.78": 0.96246,
	"-1.78": 0.03754000000000002,
	"1.79": 0.96327,